Workbook

Sheet Resources
A1: # | B1: Category | C1: Name | D1: Stack / Use | E1: Link | F1: License checked
A2: 1 | B2: UI Component Libraries | C2: React Native Paper | D2: RN | E2: https://callstack.github.io/react-native-paper/ | F2: No
A3: 2 | B3: UI Component Libraries | C3: Gluestack UI | D3: RN / Web | E3: https://gluestack.io/ | F3: No
A4: 3 | B4: UI Component Libraries | C4: NativeWind (Tailwind for RN) | D4: RN | E4: https://www.nativewind.dev/ | F4: No
A5: 4 | B5: UI Component Libraries | C5: React Native Reusables (shadcn-style) | D5: RN | E5: https://reactnativereusables.com/ | F5: No
A6: 5 | B6: UI Component Libraries | C6: Tamagui | D6: RN / Web | E6: https://tamagui.dev/ | F6: No
A7: 6 | B7: UI Component Libraries | C7: React Native Elements | D7: RN | E7: https://reactnativeelements.com/ | F7: No
A8: 7 | B8: UI Component Libraries | C8: shadcn/ui | D8: Web | E8: https://ui.shadcn.com/ | F8: No
A9: 8 | B9: UI Component Libraries | C9: Mantine | D9: Web | E9: https://mantine.dev/ | F9: No
A10: 9 | B10: UI Component Libraries | C10: Chakra UI | D10: Web | E10: https://chakra-ui.com/ | F10: No
A11: 10 | B11: UI Component Libraries | C11: Radix Primitives | D11: Web | E11: https://www.radix-ui.com/ | F11: No
A12: 11 | B12: UI Component Libraries | C12: Flutter Material widgets | D12: Flutter | E12: https://docs.flutter.dev/ui/widgets/material | F12: No
A13: 12 | B13: UI Component Libraries | C13: pub.dev (Flutter packages) | D13: Flutter | E13: https://pub.dev/ | F13: No
... A59: 58 | B59: Reference Projects & Learning Logic | C59: ts-fsrs | D59: FSRS in TypeScript | E59: https://github.com/open-spaced-repetition/ts-fsrs | F59: No

Sheet Summary
A1: Category | B1: Resources | C1: Licenses checked
A2: UI Component Libraries | B2: =COUNTIF(Resources!$B$2:$B$59,A2) -> 12 | C2: =COUNTIFS(Resources!$B$2:$B$59,A2,Resources!$F$2:$F$59,"Yes") -> 0
A3: Design Systems & Guidelines | B3: =COUNTIF(Resources!$B$2:$B$59,A3) -> 5 | C3: =COUNTIFS(Resources!$B$2:$B$59,A3,Resources!$F$2:$F$59,"Yes") -> 0
A4: Inspiration & Figma Kits | B4: =COUNTIF(Resources!$B$2:$B$59,A4) -> 5 | C4: =COUNTIFS(Resources!$B$2:$B$59,A4,Resources!$F$2:$F$59,"Yes") -> 0
A5: Animation & Motion | B5: =COUNTIF(Resources!$B$2:$B$59,A5) -> 9 | C5: =COUNTIFS(Resources!$B$2:$B$59,A5,Resources!$F$2:$F$59,"Yes") -> 0
A6: Gamification UI | B6: =COUNTIF(Resources!$B$2:$B$59,A6) -> 5 | C6: =COUNTIFS(Resources!$B$2:$B$59,A6,Resources!$F$2:$F$59,"Yes") -> 0
A7: Exercise Interactions | B7: =COUNTIF(Resources!$B$2:$B$59,A7) -> 5 | C7: =COUNTIFS(Resources!$B$2:$B$59,A7,Resources!$F$2:$F$59,"Yes") -> 0
A8: Icons | B8: =COUNTIF(Resources!$B$2:$B$59,A8) -> 5 | C8: =COUNTIFS(Resources!$B$2:$B$59,A8,Resources!$F$2:$F$59,"Yes") -> 0
A9: Illustrations & Mascot Assets | B9: =COUNTIF(Resources!$B$2:$B$59,A9) -> 5 | C9: =COUNTIFS(Resources!$B$2:$B$59,A9,Resources!$F$2:$F$59,"Yes") -> 0
A10: Typography & Sound | B10: =COUNTIF(Resources!$B$2:$B$59,A10) -> 4 | C10: =COUNTIFS(Resources!$B$2:$B$59,A10,Resources!$F$2:$F$59,"Yes") -> 0
A11: Reference Projects & Learning Logic | B11: =COUNTIF(Resources!$B$2:$B$59,A11) -> 3 | C11: =COUNTIFS(Resources!$B$2:$B$59,A11,Resources!$F$2:$F$59,"Yes") -> 0
A12: Total | B12: =SUM(B2:B11) -> 58 | C12: =SUM(C2:C11) -> 0
A14: Notes
A15: Duolingo's mascot, fonts, and sounds are proprietary. Use for study only, not in your product.
A16: Verify each asset license (MIT, CC0, attribution) before shipping. Update the 'License checked' column on the Resources sheet.
A17: Stack key: RN = React Native. Links were compiled from the previous answer and should be verified before publishing.
