Workbook

Sheet Summary
A1: Category | B1: Resources | C1: Verified links | D1: Licenses checked
A2: Build and offline traps | B2: =COUNTIF(Resources!$B$2:$B$54,A2) -> 3 | C2: =COUNTIFS(Resources!$B$2:$B$54,A2,Resources!$F$2:$F$54,"Verified") -> 3 | D2: =COUNTIFS(Resources!$B$2:$B$54,A2,Resources!$G$2:$G$54,"Yes") -> 0
A3: Diagram tools (AI-readable) | B3: =COUNTIF(Resources!$B$2:$B$54,A3) -> 4 | C3: =COUNTIFS(Resources!$B$2:$B$54,A3,Resources!$F$2:$F$54,"Verified") -> 2 | D3: =COUNTIFS(Resources!$B$2:$B$54,A3,Resources!$G$2:$G$54,"Yes") -> 0
A4: Architecture and visualization | B4: =COUNTIF(Resources!$B$2:$B$54,A4) -> 3 | C4: =COUNTIFS(Resources!$B$2:$B$54,A4,Resources!$F$2:$F$54,"Verified") -> 0 | D4: =COUNTIFS(Resources!$B$2:$B$54,A4,Resources!$G$2:$G$54,"Yes") -> 0
A5: Starters and security | B5: =COUNTIF(Resources!$B$2:$B$54,A5) -> 7 | C5: =COUNTIFS(Resources!$B$2:$B$54,A5,Resources!$F$2:$F$54,"Verified") -> 4 | D5: =COUNTIFS(Resources!$B$2:$B$54,A5,Resources!$G$2:$G$54,"Yes") -> 0
A6: AI coding tools and MCP | B6: =COUNTIF(Resources!$B$2:$B$54,A6) -> 3 | C6: =COUNTIFS(Resources!$B$2:$B$54,A6,Resources!$F$2:$F$54,"Verified") -> 1 | D6: =COUNTIFS(Resources!$B$2:$B$54,A6,Resources!$G$2:$G$54,"Yes") -> 0
A7: Token saving | B7: =COUNTIF(Resources!$B$2:$B$54,A7) -> 2 | C7: =COUNTIFS(Resources!$B$2:$B$54,A7,Resources!$F$2:$F$54,"Verified") -> 1 | D7: =COUNTIFS(Resources!$B$2:$B$54,A7,Resources!$G$2:$G$54,"Yes") -> 0
A8: Model conversion and quantization | B8: =COUNTIF(Resources!$B$2:$B$54,A8) -> 9 | C8: =COUNTIFS(Resources!$B$2:$B$54,A8,Resources!$F$2:$F$54,"Verified") -> 5 | D8: =COUNTIFS(Resources!$B$2:$B$54,A8,Resources!$G$2:$G$54,"Yes") -> 0
A9: On-device AI in React Native | B9: =COUNTIF(Resources!$B$2:$B$54,A9) -> 4 | C9: =COUNTIFS(Resources!$B$2:$B$54,A9,Resources!$F$2:$F$54,"Verified") -> 3 | D9: =COUNTIFS(Resources!$B$2:$B$54,A9,Resources!$G$2:$G$54,"Yes") -> 0
A10: Training, tracking and versioning | B10: =COUNTIF(Resources!$B$2:$B$54,A10) -> 5 | C10: =COUNTIFS(Resources!$B$2:$B$54,A10,Resources!$F$2:$F$54,"Verified") -> 1 | D10: =COUNTIFS(Resources!$B$2:$B$54,A10,Resources!$G$2:$G$54,"Yes") -> 0
A11: Model serving and hosting | B11: =COUNTIF(Resources!$B$2:$B$54,A11) -> 7 | C11: =COUNTIFS(Resources!$B$2:$B$54,A11,Resources!$F$2:$F$54,"Verified") -> 1 | D11: =COUNTIFS(Resources!$B$2:$B$54,A11,Resources!$G$2:$G$54,"Yes") -> 0
A12: Monitoring and delivery | B12: =COUNTIF(Resources!$B$2:$B$54,A12) -> 6 | C12: =COUNTIFS(Resources!$B$2:$B$54,A12,Resources!$F$2:$F$54,"Verified") -> 0 | D12: =COUNTIFS(Resources!$B$2:$B$54,A12,Resources!$G$2:$G$54,"Yes") -> 0
A13: Total | B13: =SUM(B2:B12) -> 53 | C13: =SUM(C2:C12) -> 21 | D13: =SUM(D2:D12) -> 0
A15: Links marked 'To verify' were not in live search results. Check them before publishing.

Sheet Resources
A1: # | B1: Category | C1: Resource | D1: Use | E1: Link | F1: Link status | G1: License / terms checked
A2: 1 | B2: Build and offline traps | C2: EAS Build troubleshooting | D2: Android build errors | E2: https://docs.expo.dev/build-reference/troubleshooting/ | F2: Verified | G2: No
A3: 2 | B3: Build and offline traps | C3: Expo Go vs development builds | D3: When to switch to a dev build | E3: https://expo.dev/blog/expo-go-vs-development-builds | F3: Verified | G3: No
A4: 3 | B4: Build and offline traps | C4: Expo Go version mismatch | D4: Common setup error | E4: https://docs.expo.dev/troubleshooting/expo-go-version-mismatch | F4: Verified | G4: No
A5: 4 | B5: Diagram tools (AI-readable) | C5: Excalidraw MCP | D5: AI-generated hand-drawn diagrams | E5: https://github.com/excalidraw/excalidraw-mcp | F5: Verified | G5: No
A6: 5 | B6: Diagram tools (AI-readable) | C6: draw.io MCP (official) | D6: AI creates .drawio diagrams | E6: https://www.drawio.com/docs/manual/generate/drawio-mcp-server/ | F6: Verified | G6: No
A7: 6 | B7: Diagram tools (AI-readable) | C7: Mermaid | D7: Text diagrams stored in repo | E7: https://mermaid.js.org/ | F7: To verify | G7: No
A8: 7 | B8: Diagram tools (AI-readable) | C8: Figma | D8: Screens and prototype | E8: https://www.figma.com/ | F8: To verify | G8: No
A9: 8 | B9: Architecture and visualization | C9: C4 model | D9: Architecture in levels | E9: https://c4model.com/ | F9: To verify | G9: No
A10: 9 | B10: Architecture and visualization | C10: dbdiagram.io | D10: ERD from text | E10: https://dbdiagram.io/ | F10: To verify | G10: No
A11: 10 | B11: Architecture and visualization | C11: Stately (XState) | D11: State machines | E11: https://stately.ai/docs | F11: To verify | G11: No
A12: 11 | B12: Starters and security | C12: Obytes starter | D12: Production-oriented Expo template | E12: https://github.com/obytes/react-native-template-obytes | F12: Verified | G12: No
A13: 12 | B13: Starters and security | C13: Obytes docs | D13: Setup and conventions | E13: https://starter.obytes.com | F13: Verified | G13: No
... A54: 53 | B54: Monitoring and delivery | C54: EAS Update | D54: Ship JS updates without store review | E54: https://docs.expo.dev/eas-update/introduction/ | F54: To verify | G54: No

Sheet Model Pipeline
A1: Stage | B1: What happens | C1: Tools | D1: Exit check
A2: 1 Data | B2: Collect and license datasets; extract landmarks | C2: ASL Citizen, How2Sign, MediaPipe | D2: License allows your use; consent documented
A3: 2 Model design | B3: Choose input (landmarks vs video) and architecture size | C3: LiteRT / ONNX compatibility check | D3: Model uses only supported operators
A4: 3 Training and tracking | B4: Train, log runs, version data and weights | C4: MLflow, DVC, W&B, DagsHub | D4: Any result is reproducible from one command
A5: 4 Conversion | B5: Export to ONNX or TFLite float baseline | C5: LiteRT converter, ONNX | D5: Float model matches original outputs
A6: 5 Quantization | B6: Post-training int8; QAT only if accuracy drops | C6: LiteRT quantization, TF Model Optimization | D6: Accuracy within your agreed drop on acceptance set
A7: 6 Device benchmark | B7: Measure latency, memory, battery on low-end Android | C7: Perfetto, Android vitals, dev build | D7: Meets latency and memory budgets set in Open Decisions
A8: 7 App integration | B8: Camera frames to landmarks to model to score | C8: Vision Camera, fast-tflite, worklets | D8: Stable frame rate with UI responsive
A9: 8 Delivery | B9: Bundle vs download model; version and rollback | C9: Firebase ML, CDN, EAS Update | D9: Model can be updated and rolled back safely
A10: 9 Server fallback (optional) | B10: Host heavier model behind an API | C10: FastAPI, BentoML, Modal, Triton | D10: Cold start and cost within budget
A11: 10 Monitoring | B11: Track crashes, latency, drift, user corrections | C11: Sentry, Evidently, analytics | D11: Alerts defined; review cadence set
A12: 11 Retraining loop | B12: Collect consented feedback and Deaf-reviewed labels | C12: MLflow, DVC | D12: Retrain only with approved data and review

Sheet Key Findings
A1: Topic | B1: Finding | C1: Source
A2: LiteRT naming | B2: LiteRT is Google's runtime formerly known as TensorFlow Lite. Search for both names when looking for guides. | C2: https://ai.google.dev/edge/api/tflite/python/tf/lite/Optimize
A3: Quantization trade-off | B3: Post-training quantization reduces size and latency with little accuracy loss, but small networks can lose accuracy. Use quantization-aware training if the drop is too high. | C3: https://developers.google.com/edge/litert/conversion/tensorflow/quantization/post_training_quantization
A4: Conversion baseline | B4: Convert without quantization first to confirm operator compatibility and to have a baseline for debugging quantization errors. | C4: https://developers.google.com/edge/litert/conversion/tensorflow/quantization/post_training_quantization
A5: Operator support | B5: Not every TensorFlow operation is supported by TensorFlow Lite. Check compatibility early, before committing to a model architecture. | C5: https://tensorflow.org/lite/convert
A6: INT8 evaluation | B6: Full-int8 conversion needs a representative calibration dataset. Evaluate the int8 model on the same acceptance data as the float model before shipping. | C6: https://www.simplified.guide/tensorflow/tflite-quantize-post-training
A7: Frame processing overhead | B7: Vision Camera frame processors add roughly 1 ms over a fully native implementation and require worklets support. | C7: https://react-native-vision-camera.com/docs/guides/frame-processors
A8: Android risk | B8: The Software Mansion tutorial states it worked only on iPhone at the time, due to Vision Camera v4 bugs. Test your exact versions on Android before committing. | C8: https://swmansion.com/blog/on-device-ai-ml-in-react-native-137918d0331b
A9: Serving cold starts | B9: Serverless GPU endpoints can have cold starts; common mitigations are pre-warming and minimum replicas. Matters if you add a server fallback for sign recognition. | C9: https://www.claudepluginhub.com/skills/pluginagentmarketplace-custom-plugin-mlops/skills/model-serving
A10: Dedicated endpoint cost | B10: Hugging Face Inference Endpoints run a dedicated GPU billed by the hour while running, unlike shared per-request serverless APIs. | C10: https://www.spheron.network/blog/hugging-face-inference-endpoints-alternatives/
A11: Minimal MLOps stack | B11: MLflow for experiment tracking, DVC for data and model versioning, Evidently for drift monitoring is a common minimal stack. | C11: https://www.kdnuggets.com/10-python-libraries-every-mlops-engineer-should-know
A12: Recommendation (analysis, not sourced) | B12: Run MediaPipe landmark extraction on device, then classify landmark sequences with a small quantized model. This is typically far lighter than running a video model on raw frames. Validate with a device spike. | C12: https://developers.google.com/edge/mediapipe/solutions/vision/holistic_landmarker/index
A13: Recommendation (analysis, not sourced) | B13: Plan a hybrid design: on-device model for instant practice feedback, optional server model for harder or continuous translation. Keep the server optional so the app works offline. | C13: n/a

Sheet Open Decisions
A1: Decision | B1: Note | C1: Status | D1: Your answer
A2: Where inference runs | B2: On-device only, server only, or hybrid | C2: Open
A3: Input representation | B3: Landmark sequences or raw video frames | C3: Open
A4: Latency budget per attempt | B4: Set after device spike | C4: Open
A5: Model size budget (MB) | B5: Affects app size and download strategy | C5: Open
A6: Minimum supported Android device | B6: Drives quantization and delegate choices | C6: Open
A7: Minimum acceptable accuracy | B7: Per sign set, on a held-out signer-independent test | C7: Open
A8: Model delivery | B8: Bundled in app, downloaded at first run, or remote config | C8: Open
A9: Hosting provider for fallback | B9: Only if server model is needed | C9: Open
A10: Retraining cadence and data consent | B10: Needs privacy and Deaf-community review | C10: Open
A12: Yellow cells: enter your decision, then set Status to Decided.
